{
  "data": {
    "__schema": {
      "queryType": {
        "name": "Query"
      },
      "mutationType": {
        "name": "Mutation"
      },
      "subscriptionType": null,
      "types": [
        {
          "kind": "OBJECT",
          "name": "Query",
          "description": null,
          "fields": [
            {
              "name": "node",
              "description": "Fetches an object given its ID",
              "args": [
                {
                  "name": "id",
                  "description": "The ID of an object",
                  "type": {
                    "kind": "NON_NULL",
                    "name": null,
                    "ofType": {
                      "kind": "SCALAR",
                      "name": "ID",
                      "ofType": null
                    }
                  },
                  "defaultValue": null
                }
              ],
              "type": {
                "kind": "INTERFACE",
                "name": "Node",
                "ofType": null
              },
              "isDeprecated": false,
              "deprecationReason": null
            },
            {
              "name": "viewer",
              "description": null,
              "args": [],
              "type": {
                "kind": "OBJECT",
                "name": "User",
                "ofType": null
              },
              "isDeprecated": false,
              "deprecationReason": null
            },
            {
              "name": "schedule",
              "description": "F8 agenda",
              "args": [],
              "type": {
                "kind": "LIST",
                "name": null,
                "ofType": {
                  "kind": "OBJECT",
                  "name": "Session",
                  "ofType": null
                }
              },
              "isDeprecated": false,
              "deprecationReason": null
            }
          ],
          "inputFields": null,
          "interfaces": [],
          "enumValues": null,
          "possibleTypes": null
        },
        {
          "kind": "SCALAR",
          "name": "ID",
          "description": "The `ID` scalar type represents a unique identifier, often used to refetch an object or as key for a cache. The ID type appears in a JSON response as a String; however, it is not intended to be human-readable. When expected as an input type, any string (such as `\"4\"`) or integer (such as `4`) input value will be accepted as an ID.",
          "fields": null,
          "inputFields": null,
          "interfaces": null,
          "enumValues": null,
          "possibleTypes": null
        },
        {
          "kind": "INTERFACE",
          "name": "Node",
          "description": "An object with an ID",
          "fields": [
            {
              "name": "id",
              "description": "The id of the object.",
              "args": [],
              "type": {
                "kind": "NON_NULL",
                "name": null,
                "ofType": {
                  "kind": "SCALAR",
                  "name": "ID",
                  "ofType": null
                }
              },
              "isDeprecated": false,
              "deprecationReason": null
            }
          ],
          "inputFields": null,
          "interfaces": null,
          "enumValues": null,
          "possibleTypes": [
            {
              "kind": "OBJECT",
              "name": "User",
              "ofType": null
            },
            {
              "kind": "OBJECT",
              "name": "Session",
              "ofType": null
            },
            {
              "kind": "OBJECT",
              "name": "Page",
              "ofType": null
            },
            {
              "kind": "OBJECT",
              "name": "FAQ",
              "ofType": null
            },
            {
              "kind": "OBJECT",
              "name": "Speaker",
              "ofType": null
            }
          ]
        },
        {
          "kind": "OBJECT",
          "name": "User",
          "description": "A person who uses our app",
          "fields": [
            {
              "name": "id",
              "description": "The ID of an object",
              "args": [],
              "type": {
                "kind": "NON_NULL",
                "name": null,
                "ofType": {
                  "kind": "SCALAR",
                  "name": "ID",
                  "ofType": null
                }
              },
              "isDeprecated": false,
              "deprecationReason": null
            },
            {
              "name": "name",
              "description": null,
              "args": [],
              "type": {
                "kind": "SCALAR",
                "name": "String",
                "ofType": null
              },
              "isDeprecated": false,
              "deprecationReason": null
            },
            {
              "name": "friends",
              "description": "User friends who are also in the F8 app and enabled sharing",
              "args": [],
              "type": {
                "kind": "LIST",
                "name": null,
                "ofType": {
                  "kind": "OBJECT",
                  "name": "Friend",
                  "ofType": null
                }
              },
              "isDeprecated": false,
              "deprecationReason": null
            },
            {
              "name": "notifications",
              "description": null,
              "args": [],
              "type": {
                "kind": "LIST",
                "name": null,
                "ofType": {
                  "kind": "OBJECT",
                  "name": "Notification",
                  "ofType": null
                }
              },
              "isDeprecated": false,
              "deprecationReason": null
            },
            {
              "name": "faqs",
              "description": null,
              "args": [],
              "type": {
                "kind": "LIST",
                "name": null,
                "ofType": {
                  "kind": "OBJECT",
                  "name": "FAQ",
                  "ofType": null
                }
              },
              "isDeprecated": false,
              "deprecationReason": null
            },
            {
              "name": "pages",
              "description": null,
              "args": [],
              "type": {
                "kind": "LIST",
                "name": null,
                "ofType": {
                  "kind": "OBJECT",
                  "name": "Page",
                  "ofType": null
                }
              },
              "isDeprecated": false,
              "deprecationReason": null
            },
            {
              "name": "config",
              "description": null,
              "args": [],
              "type": {
                "kind": "OBJECT",
                "name": "Config",
                "ofType": null
              },
              "isDeprecated": false,
              "deprecationReason": null
            }
          ],
          "inputFields": null,
          "interfaces": [
            {
              "kind": "INTERFACE",
              "name": "Node",
              "ofType": null
            }
          ],
          "enumValues": null,
          "possibleTypes": null
        },
        {
          "kind": "SCALAR",
          "name": "String",
          "description": "The `String` scalar type represents textual data, represented as UTF-8 character sequences. The String type is most often used by GraphQL to represent free-form human-readable text.",
          "fields": null,
          "inputFields": null,
          "interfaces": null,
          "enumValues": null,
          "possibleTypes": null
        },
        {
          "kind": "OBJECT",
          "name": "Friend",
          "description": "Facebook friend",
          "fields": [
            {
              "name": "id",
              "description": null,
              "args": [],
              "type": {
                "kind": "SCALAR",
                "name": "ID",
                "ofType": null
              },
              "isDeprecated": false,
              "deprecationReason": null
            },
            {
              "name": "name",
              "description": null,
              "args": [],
              "type": {
                "kind": "SCALAR",
                "name": "String",
                "ofType": null
              },
              "isDeprecated": false,
              "deprecationReason": null
            },
            {
              "name": "picture",
              "description": null,
              "args": [],
              "type": {
                "kind": "SCALAR",
                "name": "String",
                "ofType": null
              },
              "isDeprecated": false,
              "deprecationReason": null
            },
            {
              "name": "schedule",
              "description": "Friends schedule",
              "args": [],
              "type": {
                "kind": "LIST",
                "name": null,
                "ofType": {
                  "kind": "OBJECT",
                  "name": "Session",
                  "ofType": null
                }
              },
              "isDeprecated": false,
              "deprecationReason": null
            }
          ],
          "inputFields": null,
          "interfaces": [],
          "enumValues": null,
          "possibleTypes": null
        },
        {
          "kind": "OBJECT",
          "name": "Session",
          "description": "Represents F8 agenda item",
          "fields": [
            {
              "name": "id",
              "description": "The ID of an object",
              "args": [],
              "type": {
                "kind": "NON_NULL",
                "name": null,
                "ofType": {
                  "kind": "SCALAR",
                  "name": "ID",
                  "ofType": null
                }
              },
              "isDeprecated": false,
              "deprecationReason": null
            },
            {
              "name": "title",
              "description": null,
              "args": [],
              "type": {
                "kind": "SCALAR",
                "name": "String",
                "ofType": null
              },
              "isDeprecated": false,
              "deprecationReason": null
            },
            {
              "name": "slug",
              "description": null,
              "args": [],
              "type": {
                "kind": "SCALAR",
                "name": "String",
                "ofType": null
              },
              "isDeprecated": false,
              "deprecationReason": null
            },
            {
              "name": "day",
              "description": null,
              "args": [],
              "type": {
                "kind": "SCALAR",
                "name": "Int",
                "ofType": null
              },
              "isDeprecated": false,
              "deprecationReason": null
            },
            {
              "name": "startTime",
              "description": null,
              "args": [],
              "type": {
                "kind": "SCALAR",
                "name": "Float",
                "ofType": null
              },
              "isDeprecated": false,
              "deprecationReason": null
            },
            {
              "name": "endTime",
              "description": null,
              "args": [],
              "type": {
                "kind": "SCALAR",
                "name": "Float",
                "ofType": null
              },
              "isDeprecated": false,
              "deprecationReason": null
            },
            {
              "name": "location",
              "description": null,
              "args": [],
              "type": {
                "kind": "OBJECT",
                "name": "Map",
                "ofType": null
              },
              "isDeprecated": false,
              "deprecationReason": null
            },
            {
              "name": "description",
              "description": null,
              "args": [],
              "type": {
                "kind": "SCALAR",
                "name": "String",
                "ofType": null
              },
              "isDeprecated": false,
              "deprecationReason": null
            },
            {
              "name": "speakers",
              "description": null,
              "args": [],
              "type": {
                "kind": "LIST",
                "name": null,
                "ofType": {
                  "kind": "OBJECT",
                  "name": "Speaker",
                  "ofType": null
                }
              },
              "isDeprecated": false,
              "deprecationReason": null
            },
            {
              "name": "isAdded",
              "description": "If the session has been added to persons schedule",
              "args": [],
              "type": {
                "kind": "SCALAR",
                "name": "Boolean",
                "ofType": null
              },
              "isDeprecated": false,
              "deprecationReason": null
            },
            {
              "name": "friends",
              "description": "User's friends who attend this session",
              "args": [],
              "type": {
                "kind": "LIST",
                "name": null,
                "ofType": {
                  "kind": "OBJECT",
                  "name": "Friend",
                  "ofType": null
                }
              },
              "isDeprecated": false,
              "deprecationReason": null
            }
          ],
          "inputFields": null,
          "interfaces": [
            {
              "kind": "INTERFACE",
              "name": "Node",
              "ofType": null
            }
          ],
          "enumValues": null,
          "possibleTypes": null
        },
        {
          "kind": "SCALAR",
          "name": "Int",
          "description": "The `Int` scalar type represents non-fractional signed whole numeric values. Int can represent values between -(2^31) and 2^31 - 1. ",
          "fields": null,
          "inputFields": null,
          "interfaces": null,
          "enumValues": null,
          "possibleTypes": null
        },
        {
          "kind": "SCALAR",
          "name": "Float",
          "description": "The `Float` scalar type represents signed double-precision fractional values as specified by [IEEE 754](http://en.wikipedia.org/wiki/IEEE_floating_point). ",
          "fields": null,
          "inputFields": null,
          "interfaces": null,
          "enumValues": null,
          "possibleTypes": null
        },
        {
          "kind": "OBJECT",
          "name": "Map",
          "description": "A place at F8 venue",
          "fields": [
            {
              "name": "id",
              "description": "The ID of an object",
              "args": [],
              "type": {
                "kind": "NON_NULL",
                "name": null,
                "ofType": {
                  "kind": "SCALAR",
                  "name": "ID",
                  "ofType": null
                }
              },
              "isDeprecated": false,
              "deprecationReason": null
            },
            {
              "name": "name",
              "description": null,
              "args": [],
              "type": {
                "kind": "SCALAR",
                "name": "String",
                "ofType": null
              },
              "isDeprecated": false,
              "deprecationReason": null
            },
            {
              "name": "map",
              "description": null,
              "args": [],
              "type": {
                "kind": "SCALAR",
                "name": "String",
                "ofType": null
              },
              "isDeprecated": false,
              "deprecationReason": null
            }
          ],
          "inputFields": null,
          "interfaces": [],
          "enumValues": null,
          "possibleTypes": null
        },
        {
          "kind": "OBJECT",
          "name": "Speaker",
          "description": null,
          "fields": [
            {
              "name": "id",
              "description": "The ID of an object",
              "args": [],
              "type": {
                "kind": "NON_NULL",
                "name": null,
                "ofType": {
                  "kind": "SCALAR",
                  "name": "ID",
                  "ofType": null
                }
              },
              "isDeprecated": false,
              "deprecationReason": null
            },
            {
              "name": "name",
              "description": null,
              "args": [],
              "type": {
                "kind": "SCALAR",
                "name": "String",
                "ofType": null
              },
              "isDeprecated": false,
              "deprecationReason": null
            },
            {
              "name": "title",
              "description": null,
              "args": [],
              "type": {
                "kind": "SCALAR",
                "name": "String",
                "ofType": null
              },
              "isDeprecated": false,
              "deprecationReason": null
            },
            {
              "name": "picture",
              "description": null,
              "args": [],
              "type": {
                "kind": "SCALAR",
                "name": "String",
                "ofType": null
              },
              "isDeprecated": false,
              "deprecationReason": null
            }
          ],
          "inputFields": null,
          "interfaces": [
            {
              "kind": "INTERFACE",
              "name": "Node",
              "ofType": null
            }
          ],
          "enumValues": null,
          "possibleTypes": null
        },
        {
          "kind": "SCALAR",
          "name": "Boolean",
          "description": "The `Boolean` scalar type represents `true` or `false`.",
          "fields": null,
          "inputFields": null,
          "interfaces": null,
          "enumValues": null,
          "possibleTypes": null
        },
        {
          "kind": "OBJECT",
          "name": "Notification",
          "description": null,
          "fields": [
            {
              "name": "id",
              "description": "The ID of an object",
              "args": [],
              "type": {
                "kind": "NON_NULL",
                "name": null,
                "ofType": {
                  "kind": "SCALAR",
                  "name": "ID",
                  "ofType": null
                }
              },
              "isDeprecated": false,
              "deprecationReason": null
            },
            {
              "name": "text",
              "description": null,
              "args": [],
              "type": {
                "kind": "SCALAR",
                "name": "String",
                "ofType": null
              },
              "isDeprecated": false,
              "deprecationReason": null
            },
            {
              "name": "url",
              "description": null,
              "args": [],
              "type": {
                "kind": "SCALAR",
                "name": "String",
                "ofType": null
              },
              "isDeprecated": false,
              "deprecationReason": null
            },
            {
              "name": "time",
              "description": "Unix timestamp when the notification was sent.",
              "args": [],
              "type": {
                "kind": "SCALAR",
                "name": "Float",
                "ofType": null
              },
              "isDeprecated": false,
              "deprecationReason": null
            }
          ],
          "inputFields": null,
          "interfaces": [],
          "enumValues": null,
          "possibleTypes": null
        },
        {
          "kind": "OBJECT",
          "name": "FAQ",
          "description": "Frequently asked questions",
          "fields": [
            {
              "name": "id",
              "description": "The ID of an object",
              "args": [],
              "type": {
                "kind": "NON_NULL",
                "name": null,
                "ofType": {
                  "kind": "SCALAR",
                  "name": "ID",
                  "ofType": null
                }
              },
              "isDeprecated": false,
              "deprecationReason": null
            },
            {
              "name": "question",
              "description": null,
              "args": [],
              "type": {
                "kind": "SCALAR",
                "name": "String",
                "ofType": null
              },
              "isDeprecated": false,
              "deprecationReason": null
            },
            {
              "name": "answer",
              "description": null,
              "args": [],
              "type": {
                "kind": "SCALAR",
                "name": "String",
                "ofType": null
              },
              "isDeprecated": false,
              "deprecationReason": null
            }
          ],
          "inputFields": null,
          "interfaces": [
            {
              "kind": "INTERFACE",
              "name": "Node",
              "ofType": null
            }
          ],
          "enumValues": null,
          "possibleTypes": null
        },
        {
          "kind": "OBJECT",
          "name": "Page",
          "description": "Facebook pages",
          "fields": [
            {
              "name": "id",
              "description": "The ID of an object",
              "args": [],
              "type": {
                "kind": "NON_NULL",
                "name": null,
                "ofType": {
                  "kind": "SCALAR",
                  "name": "ID",
                  "ofType": null
                }
              },
              "isDeprecated": false,
              "deprecationReason": null
            },
            {
              "name": "title",
              "description": null,
              "args": [],
              "type": {
                "kind": "SCALAR",
                "name": "String",
                "ofType": null
              },
              "isDeprecated": false,
              "deprecationReason": null
            },
            {
              "name": "url",
              "description": null,
              "args": [],
              "type": {
                "kind": "SCALAR",
                "name": "String",
                "ofType": null
              },
              "isDeprecated": false,
              "deprecationReason": null
            },
            {
              "name": "logo",
              "description": null,
              "args": [],
              "type": {
                "kind": "SCALAR",
                "name": "String",
                "ofType": null
              },
              "isDeprecated": false,
              "deprecationReason": null
            }
          ],
          "inputFields": null,
          "interfaces": [
            {
              "kind": "INTERFACE",
              "name": "Node",
              "ofType": null
            }
          ],
          "enumValues": null,
          "possibleTypes": null
        },
        {
          "kind": "OBJECT",
          "name": "Config",
          "description": null,
          "fields": [
            {
              "name": "wifiNetwork",
              "description": null,
              "args": [],
              "type": {
                "kind": "SCALAR",
                "name": "String",
                "ofType": null
              },
              "isDeprecated": false,
              "deprecationReason": null
            },
            {
              "name": "wifiPassword",
              "description": null,
              "args": [],
              "type": {
                "kind": "SCALAR",
                "name": "String",
                "ofType": null
              },
              "isDeprecated": false,
              "deprecationReason": null
            }
          ],
          "inputFields": null,
          "interfaces": [],
          "enumValues": null,
          "possibleTypes": null
        },
        {
          "kind": "OBJECT",
          "name": "Mutation",
          "description": null,
          "fields": [
            {
              "name": "addToSchedule",
              "description": null,
              "args": [
                {
                  "name": "input",
                  "description": null,
                  "type": {
                    "kind": "NON_NULL",
                    "name": null,
                    "ofType": {
                      "kind": "INPUT_OBJECT",
                      "name": "AddToScheduleInput",
                      "ofType": null
                    }
                  },
                  "defaultValue": null
                }
              ],
              "type": {
                "kind": "OBJECT",
                "name": "AddToSchedulePayload",
                "ofType": null
              },
              "isDeprecated": false,
              "deprecationReason": null
            }
          ],
          "inputFields": null,
          "interfaces": [],
          "enumValues": null,
          "possibleTypes": null
        },
        {
          "kind": "INPUT_OBJECT",
          "name": "AddToScheduleInput",
          "description": null,
          "fields": null,
          "inputFields": [
            {
              "name": "sessionId",
              "description": null,
              "type": {
                "kind": "NON_NULL",
                "name": null,
                "ofType": {
                  "kind": "SCALAR",
                  "name": "ID",
                  "ofType": null
                }
              },
              "defaultValue": null
            },
            {
              "name": "clientMutationId",
              "description": null,
              "type": {
                "kind": "NON_NULL",
                "name": null,
                "ofType": {
                  "kind": "SCALAR",
                  "name": "String",
                  "ofType": null
                }
              },
              "defaultValue": null
            }
          ],
          "interfaces": null,
          "enumValues": null,
          "possibleTypes": null
        },
        {
          "kind": "OBJECT",
          "name": "AddToSchedulePayload",
          "description": null,
          "fields": [
            {
              "name": "session",
              "description": null,
              "args": [],
              "type": {
                "kind": "OBJECT",
                "name": "Session",
                "ofType": null
              },
              "isDeprecated": false,
              "deprecationReason": null
            },
            {
              "name": "clientMutationId",
              "description": null,
              "args": [],
              "type": {
                "kind": "NON_NULL",
                "name": null,
                "ofType": {
                  "kind": "SCALAR",
                  "name": "String",
                  "ofType": null
                }
              },
              "isDeprecated": false,
              "deprecationReason": null
            }
          ],
          "inputFields": null,
          "interfaces": [],
          "enumValues": null,
          "possibleTypes": null
        },
        {
          "kind": "OBJECT",
          "name": "__Schema",
          "description": "A GraphQL Schema defines the capabilities of a GraphQL server. It exposes all available types and directives on the server, as well as the entry points for query, mutation, and subscription operations.",
          "fields": [
            {
              "name": "types",
              "description": "A list of all types supported by this server.",
              "args": [],
              "type": {
                "kind": "NON_NULL",
                "name": null,
                "ofType": {
                  "kind": "LIST",
                  "name": null,
                  "ofType": {
                    "kind": "NON_NULL",
                    "name": null,
                    "ofType": {
                      "kind": "OBJECT",
                      "name": "__Type"
                    }
                  }
                }
              },
              "isDeprecated": false,
              "deprecationReason": null
            },
            {
              "name": "queryType",
              "description": "The type that query operations will be rooted at.",
              "args": [],
              "type": {
                "kind": "NON_NULL",
                "name": null,
                "ofType": {
                  "kind": "OBJECT",
                  "name": "__Type",
                  "ofType": null
                }
              },
              "isDeprecated": false,
              "deprecationReason": null
            },
            {
              "name": "mutationType",
              "description": "If this server supports mutation, the type that mutation operations will be rooted at.",
              "args": [],
              "type": {
                "kind": "OBJECT",
                "name": "__Type",
                "ofType": null
              },
              "isDeprecated": false,
              "deprecationReason": null
            },
            {
              "name": "subscriptionType",
              "description": "If this server support subscription, the type that subscription operations will be rooted at.",
              "args": [],
              "type": {
                "kind": "OBJECT",
                "name": "__Type",
                "ofType": null
              },
              "isDeprecated": false,
              "deprecationReason": null
            },
            {
              "name": "directives",
              "description": "A list of all directives supported by this server.",
              "args": [],
              "type": {
                "kind": "NON_NULL",
                "name": null,
                "ofType": {
                  "kind": "LIST",
                  "name": null,
                  "ofType": {
                    "kind": "NON_NULL",
                    "name": null,
                    "ofType": {
                      "kind": "OBJECT",
                      "name": "__Directive"
                    }
                  }
                }
              },
              "isDeprecated": false,
              "deprecationReason": null
            }
          ],
          "inputFields": null,
          "interfaces": [],
          "enumValues": null,
          "possibleTypes": null
        },
        {
          "kind": "OBJECT",
          "name": "__Type",
          "description": "The fundamental unit of any GraphQL Schema is the type. There are many kinds of types in GraphQL as represented by the `__TypeKind` enum.\n\nDepending on the kind of a type, certain fields describe information about that type. Scalar types provide no information beyond a name and description, while Enum types provide their values. Object and Interface types provide the fields they describe. Abstract types, Union and Interface, provide the Object types possible at runtime. List and NonNull types compose other types.",
          "fields": [
            {
              "name": "kind",
              "description": null,
              "args": [],
              "type": {
                "kind": "NON_NULL",
                "name": null,
                "ofType": {
                  "kind": "ENUM",
                  "name": "__TypeKind",
                  "ofType": null
                }
              },
              "isDeprecated": false,
              "deprecationReason": null
            },
            {
              "name": "name",
              "description": null,
              "args": [],
              "type": {
                "kind": "SCALAR",
                "name": "String",
                "ofType": null
              },
              "isDeprecated": false,
              "deprecationReason": null
            },
            {
              "name": "description",
              "description": null,
              "args": [],
              "type": {
                "kind": "SCALAR",
                "name": "String",
                "ofType": null
              },
              "isDeprecated": false,
              "deprecationReason": null
            },
            {
              "name": "fields",
              "description": null,
              "args": [
                {
                  "name": "includeDeprecated",
                  "description": null,
                  "type": {
                    "kind": "SCALAR",
                    "name": "Boolean",
                    "ofType": null
                  },
                  "defaultValue": "false"
                }
              ],
              "type": {
                "kind": "LIST",
                "name": null,
                "ofType": {
                  "kind": "NON_NULL",
                  "name": null,
                  "ofType": {
                    "kind": "OBJECT",
                    "name": "__Field",
                    "ofType": null
                  }
                }
              },
              "isDeprecated": false,
              "deprecationReason": null
            },
            {
              "name": "interfaces",
              "description": null,
              "args": [],
              "type": {
                "kind": "LIST",
                "name": null,
                "ofType": {
                  "kind": "NON_NULL",
                  "name": null,
                  "ofType": {
                    "kind": "OBJECT",
                    "name": "__Type",
                    "ofType": null
                  }
                }
              },
              "isDeprecated": false,
              "deprecationReason": null
            },
            {
              "name": "possibleTypes",
              "description": null,
              "args": [],
              "type": {
                "kind": "LIST",
                "name": null,
                "ofType": {
                  "kind": "NON_NULL",
                  "name": null,
                  "ofType": {
                    "kind": "OBJECT",
                    "name": "__Type",
                    "ofType": null
                  }
                }
              },
              "isDeprecated": false,
              "deprecationReason": null
            },
            {
              "name": "enumValues",
              "description": null,
              "args": [
                {
                  "name": "includeDeprecated",
                  "description": null,
                  "type": {
                    "kind": "SCALAR",
                    "name": "Boolean",
                    "ofType": null
                  },
                  "defaultValue": "false"
                }
              ],
              "type": {
                "kind": "LIST",
                "name": null,
                "ofType": {
                  "kind": "NON_NULL",
                  "name": null,
                  "ofType": {
                    "kind": "OBJECT",
                    "name": "__EnumValue",
                    "ofType": null
                  }
                }
              },
              "isDeprecated": false,
              "deprecationReason": null
            },
            {
              "name": "inputFields",
              "description": null,
              "args": [],
              "type": {
                "kind": "LIST",
                "name": null,
                "ofType": {
                  "kind": "NON_NULL",
                  "name": null,
                  "ofType": {
                    "kind": "OBJECT",
                    "name": "__InputValue",
                    "ofType": null
                  }
                }
              },
              "isDeprecated": false,
              "deprecationReason": null
            },
            {
              "name": "ofType",
              "description": null,
              "args": [],
              "type": {
                "kind": "OBJECT",
                "name": "__Type",
                "ofType": null
              },
              "isDeprecated": false,
              "deprecationReason": null
            }
          ],
          "inputFields": null,
          "interfaces": [],
          "enumValues": null,
          "possibleTypes": null
        },
        {
          "kind": "ENUM",
          "name": "__TypeKind",
          "description": "An enum describing what kind of type a given `__Type` is.",
          "fields": null,
          "inputFields": null,
          "interfaces": null,
          "enumValues": [
            {
              "name": "SCALAR",
              "description": "Indicates this type is a scalar.",
              "isDeprecated": false,
              "deprecationReason": null
            },
            {
              "name": "OBJECT",
              "description": "Indicates this type is an object. `fields` and `interfaces` are valid fields.",
              "isDeprecated": false,
              "deprecationReason": null
            },
            {
              "name": "INTERFACE",
              "description": "Indicates this type is an interface. `fields` and `possibleTypes` are valid fields.",
              "isDeprecated": false,
              "deprecationReason": null
            },
            {
              "name": "UNION",
              "description": "Indicates this type is a union. `possibleTypes` is a valid field.",
              "isDeprecated": false,
              "deprecationReason": null
            },
            {
              "name": "ENUM",
              "description": "Indicates this type is an enum. `enumValues` is a valid field.",
              "isDeprecated": false,
              "deprecationReason": null
            },
            {
              "name": "INPUT_OBJECT",
              "description": "Indicates this type is an input object. `inputFields` is a valid field.",
              "isDeprecated": false,
              "deprecationReason": null
            },
            {
              "name": "LIST",
              "description": "Indicates this type is a list. `ofType` is a valid field.",
              "isDeprecated": false,
              "deprecationReason": null
            },
            {
              "name": "NON_NULL",
              "description": "Indicates this type is a non-null. `ofType` is a valid field.",
              "isDeprecated": false,
              "deprecationReason": null
            }
          ],
          "possibleTypes": null
        },
        {
          "kind": "OBJECT",
          "name": "__Field",
          "description": "Object and Interface types are described by a list of Fields, each of which has a name, potentially a list of arguments, and a return type.",
          "fields": [
            {
              "name": "name",
              "description": null,
              "args": [],
              "type": {
                "kind": "NON_NULL",
                "name": null,
                "ofType": {
                  "kind": "SCALAR",
                  "name": "String",
                  "ofType": null
                }
              },
              "isDeprecated": false,
              "deprecationReason": null
            },
            {
              "name": "description",
              "description": null,
              "args": [],
              "type": {
                "kind": "SCALAR",
                "name": "String",
                "ofType": null
              },
              "isDeprecated": false,
              "deprecationReason": null
            },
            {
              "name": "args",
              "description": null,
              "args": [],
              "type": {
                "kind": "NON_NULL",
                "name": null,
                "ofType": {
                  "kind": "LIST",
                  "name": null,
                  "ofType": {
                    "kind": "NON_NULL",
                    "name": null,
                    "ofType": {
                      "kind": "OBJECT",
                      "name": "__InputValue"
                    }
                  }
                }
              },
              "isDeprecated": false,
              "deprecationReason": null
            },
            {
              "name": "type",
              "description": null,
              "args": [],
              "type": {
                "kind": "NON_NULL",
                "name": null,
                "ofType": {
                  "kind": "OBJECT",
                  "name": "__Type",
                  "ofType": null
                }
              },
              "isDeprecated": false,
              "deprecationReason": null
            },
            {
              "name": "isDeprecated",
              "description": null,
              "args": [],
              "type": {
                "kind": "NON_NULL",
                "name": null,
                "ofType": {
                  "kind": "SCALAR",
                  "name": "Boolean",
                  "ofType": null
                }
              },
              "isDeprecated": false,
              "deprecationReason": null
            },
            {
              "name": "deprecationReason",
              "description": null,
              "args": [],
              "type": {
                "kind": "SCALAR",
                "name": "String",
                "ofType": null
              },
              "isDeprecated": false,
              "deprecationReason": null
            }
          ],
          "inputFields": null,
          "interfaces": [],
          "enumValues": null,
          "possibleTypes": null
        },
        {
          "kind": "OBJECT",
          "name": "__InputValue",
          "description": "Arguments provided to Fields or Directives and the input fields of an InputObject are represented as Input Values which describe their type and optionally a default value.",
          "fields": [
            {
              "name": "name",
              "description": null,
              "args": [],
              "type": {
                "kind": "NON_NULL",
                "name": null,
                "ofType": {
                  "kind": "SCALAR",
                  "name": "String",
                  "ofType": null
                }
              },
              "isDeprecated": false,
              "deprecationReason": null
            },
            {
              "name": "description",
              "description": null,
              "args": [],
              "type": {
                "kind": "SCALAR",
                "name": "String",
                "ofType": null
              },
              "isDeprecated": false,
              "deprecationReason": null
            },
            {
              "name": "type",
              "description": null,
              "args": [],
              "type": {
                "kind": "NON_NULL",
                "name": null,
                "ofType": {
                  "kind": "OBJECT",
                  "name": "__Type",
                  "ofType": null
                }
              },
              "isDeprecated": false,
              "deprecationReason": null
            },
            {
              "name": "defaultValue",
              "description": "A GraphQL-formatted string representing the default value for this input value.",
              "args": [],
              "type": {
                "kind": "SCALAR",
                "name": "String",
                "ofType": null
              },
              "isDeprecated": false,
              "deprecationReason": null
            }
          ],
          "inputFields": null,
          "interfaces": [],
          "enumValues": null,
          "possibleTypes": null
        },
        {
          "kind": "OBJECT",
          "name": "__EnumValue",
          "description": "One possible value for a given Enum. Enum values are unique values, not a placeholder for a string or numeric value. However an Enum value is returned in a JSON response as a string.",
          "fields": [
            {
              "name": "name",
              "description": null,
              "args": [],
              "type": {
                "kind": "NON_NULL",
                "name": null,
                "ofType": {
                  "kind": "SCALAR",
                  "name": "String",
                  "ofType": null
                }
              },
              "isDeprecated": false,
              "deprecationReason": null
            },
            {
              "name": "description",
              "description": null,
              "args": [],
              "type": {
                "kind": "SCALAR",
                "name": "String",
                "ofType": null
              },
              "isDeprecated": false,
              "deprecationReason": null
            },
            {
              "name": "isDeprecated",
              "description": null,
              "args": [],
              "type": {
                "kind": "NON_NULL",
                "name": null,
                "ofType": {
                  "kind": "SCALAR",
                  "name": "Boolean",
                  "ofType": null
                }
              },
              "isDeprecated": false,
              "deprecationReason": null
            },
            {
              "name": "deprecationReason",
              "description": null,
              "args": [],
              "type": {
                "kind": "SCALAR",
                "name": "String",
                "ofType": null
              },
              "isDeprecated": false,
              "deprecationReason": null
            }
          ],
          "inputFields": null,
          "interfaces": [],
          "enumValues": null,
          "possibleTypes": null
        },
        {
          "kind": "OBJECT",
          "name": "__Directive",
          "description": "A Directive provides a way to describe alternate runtime execution and type validation behavior in a GraphQL document.\n\nIn some cases, you need to provide options to alter GraphQL’s execution behavior in ways field arguments will not suffice, such as conditionally including or skipping a field. Directives provide this by describing additional information to the executor.",
          "fields": [
            {
              "name": "name",
              "description": null,
              "args": [],
              "type": {
                "kind": "NON_NULL",
                "name": null,
                "ofType": {
                  "kind": "SCALAR",
                  "name": "String",
                  "ofType": null
                }
              },
              "isDeprecated": false,
              "deprecationReason": null
            },
            {
              "name": "description",
              "description": null,
              "args": [],
              "type": {
                "kind": "SCALAR",
                "name": "String",
                "ofType": null
              },
              "isDeprecated": false,
              "deprecationReason": null
            },
            {
              "name": "args",
              "description": null,
              "args": [],
              "type": {
                "kind": "NON_NULL",
                "name": null,
                "ofType": {
                  "kind": "LIST",
                  "name": null,
                  "ofType": {
                    "kind": "NON_NULL",
                    "name": null,
                    "ofType": {
                      "kind": "OBJECT",
                      "name": "__InputValue"
                    }
                  }
                }
              },
              "isDeprecated": false,
              "deprecationReason": null
            },
            {
              "name": "onOperation",
              "description": null,
              "args": [],
              "type": {
                "kind": "NON_NULL",
                "name": null,
                "ofType": {
                  "kind": "SCALAR",
                  "name": "Boolean",
                  "ofType": null
                }
              },
              "isDeprecated": false,
              "deprecationReason": null
            },
            {
              "name": "onFragment",
              "description": null,
              "args": [],
              "type": {
                "kind": "NON_NULL",
                "name": null,
                "ofType": {
                  "kind": "SCALAR",
                  "name": "Boolean",
                  "ofType": null
                }
              },
              "isDeprecated": false,
              "deprecationReason": null
            },
            {
              "name": "onField",
              "description": null,
              "args": [],
              "type": {
                "kind": "NON_NULL",
                "name": null,
                "ofType": {
                  "kind": "SCALAR",
                  "name": "Boolean",
                  "ofType": null
                }
              },
              "isDeprecated": false,
              "deprecationReason": null
            }
          ],
          "inputFields": null,
          "interfaces": [],
          "enumValues": null,
          "possibleTypes": null
        }
      ],
      "directives": [
        {
          "name": "include",
          "description": "Directs the executor to include this field or fragment only when the `if` argument is true.",
          "args": [
            {
              "name": "if",
              "description": "Included when true.",
              "type": {
                "kind": "NON_NULL",
                "name": null,
                "ofType": {
                  "kind": "SCALAR",
                  "name": "Boolean",
                  "ofType": null
                }
              },
              "defaultValue": null
            }
          ],
          "onOperation": false,
          "onFragment": true,
          "onField": true
        },
        {
          "name": "skip",
          "description": "Directs the executor to skip this field or fragment when the `if` argument is true.",
          "args": [
            {
              "name": "if",
              "description": "Skipped when true.",
              "type": {
                "kind": "NON_NULL",
                "name": null,
                "ofType": {
                  "kind": "SCALAR",
                  "name": "Boolean",
                  "ofType": null
                }
              },
              "defaultValue": null
            }
          ],
          "onOperation": false,
          "onFragment": true,
          "onField": true
        }
      ]
    }
  }
}